customer_id,customer_name,email,phone
1,John Martinez,JohnMartinez20@gmail.com,207-319-8171
2,Virginia Read,VirginiaRead70@gmail.com,704-915-9203
3,Tim Branch,TimBranch91@gmail.com,917-398-6976
4,Garry Joyce,GarryJoyce52@gmail.com,520-880-0374
5,Julia Riddick,JuliaRiddick22@gmail.com,225-247-2241
6,Michael Schaffer,MichaelSchaffer20@gmail.com,207-386-0378
7,Kenneth Maize,KennethMaize81@gmail.com,814-935-8063
8,Mark Harding,MarkHarding31@gmail.com,310-258-0712
9,Marie Horton,MarieHorton51@gmail.com,510-968-7667
10,Cynthia Gaskin,CynthiaGaskin71@gmail.com,719-691-2601
11,Linda Thomas,LindaThomas63@gmail.com,636-625-6334
12,Barbara Costa,BarbaraCosta83@gmail.com,832-647-7230
13,Mae Sikes,MaeSikes61@gmail.com,618-443-1355
14,Angelo Castillo,AngeloCastillo86@gmail.com,860-348-9657
15,Diane Malcolm,DianeMalcolm76@gmail.com,765-759-2565
16,Cindy Shufelt,CindyShufelt51@gmail.com,516-925-9440
17,Deborah Pines,DeborahPines41@gmail.com,410-737-8298
18,Jackie Baca,JackieBaca81@gmail.com,817-750-5474
19,Susan Hammel,SusanHammel40@gmail.com,405-605-4586
20,David Riedel,DavidRiedel50@gmail.com,502-939-9444
21,Jack Herndon,JackHerndon61@gmail.com,617-342-3912
22,Jennifer Fulp,JenniferFulp44@gmail.com,443-354-1404
23,Nancy Johnson,NancyJohnson54@gmail.com,540-866-0715
24,Ann McCafferty,AnnMcCafferty73@gmail.com,732-822-4058
25,Bettye Holmes,BettyeHolmes31@gmail.com,319-363-5257
26,Michael Vaughn,MichaelVaughn80@gmail.com,801-858-9021
27,Patricia Sun,PatriciaSun85@gmail.com,858-444-5846
28,Donna Conner,DonnaConner30@gmail.com,305-819-0856
29,Daniel Weaver,DanielWeaver31@gmail.com,314-450-8498
30,Evelyn Arce,EvelynArce94@gmail.com,949-415-5318
31,Lindsey Isley,LindseyIsley91@gmail.com,916-674-4960
32,Aurora Wills,AuroraWills97@gmail.com,972-439-8352
33,Joshua Clark,JoshuaClark90@gmail.com,908-374-2856
34,Gertrude Mills,GertrudeMills52@gmail.com,520-426-7990
35,Earl Scott,EarlScott61@gmail.com,610-436-8367
36,Josephine Paylor,JosephinePaylor87@gmail.com,870-953-7350
37,Laura Gerdes,LauraGerdes26@gmail.com,269-370-8170
38,Juan Blair,JuanBlair41@gmail.com,413-496-5002
39,Sandra Shelley,SandraShelley32@gmail.com,320-315-9694
40,Valerie Shanks,ValerieShanks25@gmail.com,256-693-7847
41,Vivian Contreras,VivianContreras51@gmail.com,510-763-7709
42,Maria Ingram,MariaIngram30@gmail.com,301-717-4213
43,Alejandro Henderson,AlejandroHenderson61@gmail.com,614-780-4821
44,Harold Wells,HaroldWells31@gmail.com,312-907-3995
45,Lisa Jacobs,LisaJacobs57@gmail.com,570-386-6744
46,Araceli Fegley,AraceliFegley81@gmail.com,813-919-3954
47,Debby Corrado,DebbyCorrado86@gmail.com,863-522-8166
48,Emerson Lumsden,EmersonLumsden91@gmail.com,910-559-8702
49,Deanna Johnson,DeannaJohnson33@gmail.com,334-216-1790
50,Maisie Myers,MaisieMyers46@gmail.com,469-523-2042
51,William Sherman,WilliamSherman95@gmail.com,951-277-0079
52,Patricia Goss,PatriciaGoss28@gmail.com,281-576-8337
53,Barbara King,BarbaraKing92@gmail.com,925-752-6708
54,Marion Clark,MarionClark81@gmail.com,812-589-5413
55,Karen Tanaka,KarenTanaka21@gmail.com,217-918-6500
56,Christopher Gwin,ChristopherGwin25@gmail.com,254-974-4969
57,Larry Benjamin,LarryBenjamin91@gmail.com,910-488-4034
58,Jose Musselwhite,JoseMusselwhite61@gmail.com,614-640-3340
59,Nettie Manuel,NettieManuel65@gmail.com,650-551-4973
60,Irene Ward,IreneWard60@gmail.com,603-944-9860
61,Barbara Shreve,BarbaraShreve98@gmail.com,989-865-6321
62,Reva Turco,RevaTurco21@gmail.com,218-861-7686
63,Olga Kubiak,OlgaKubiak40@gmail.com,404-445-6275
64,Thelma McIntyre,ThelmaMcIntyre51@gmail.com,517-540-4455
65,Joseph Smith,JosephSmith91@gmail.com,917-295-3249
66,Caitlin Culbreth,CaitlinCulbreth50@gmail.com,505-650-4257
67,Scott Croom,ScottCroom42@gmail.com,423-352-3011
68,Kimberly Estes,KimberlyEstes90@gmail.com,906-250-9813
69,Crystal Blackledge,CrystalBlackledge51@gmail.com,518-798-9801
70,Michelle Garcia,MichelleGarcia71@gmail.com,713-638-1811
71,Raymond Kellam,RaymondKellam31@gmail.com,313-899-8987
72,Juan Matos,JuanMatos91@gmail.com,916-625-5212
73,Jesus Banuelos,JesusBanuelos94@gmail.com,949-757-4200
74,Kimberly Weiss,KimberlyWeiss51@gmail.com,512-520-0706
75,Cecelia Martel,CeceliaMartel61@gmail.com,615-357-0832
76,Mark Johnson,MarkJohnson41@gmail.com,415-968-2718
77,Harris Killian,HarrisKillian50@gmail.com,503-509-8867
78,Cynthia Bailey,CynthiaBailey53@gmail.com,530-267-5117
79,Marjorie Dukes,MarjorieDukes81@gmail.com,815-566-6409
80,Sharron Rigney,SharronRigney58@gmail.com,580-332-4836
81,Orlando Cabrera,OrlandoCabrera90@gmail.com,908-367-1420
82,Roberto Fore,RobertoFore72@gmail.com,727-321-6399
83,Debbie Becerra,DebbieBecerra41@gmail.com,414-659-9749
84,Norene Garett,NoreneGarett31@gmail.com,317-299-9817
85,Lessie Eckman,LessieEckman57@gmail.com,570-251-0522
86,Lillian Hayes,LillianHayes94@gmail.com,949-566-0227
87,Ashlee Boudreaux,AshleeBoudreaux71@gmail.com,715-853-2943
88,Gregory Gilbert,GregoryGilbert30@gmail.com,303-646-3273
89,Joseph Hall,JosephHall21@gmail.com,216-288-6131
90,Mark Brazelton,MarkBrazelton90@gmail.com,909-459-6802
91,Patricia Elbert,PatriciaElbert61@gmail.com,619-791-2621
92,Lola Billings,LolaBillings73@gmail.com,734-775-5053
93,Donald Williams,DonaldWilliams33@gmail.com,336-291-8665
94,Timothy Corbett,TimothyCorbett85@gmail.com,856-346-0172
95,James Cormier,JamesCormier66@gmail.com,662-234-6299
96,Jose Krone,JoseKrone53@gmail.com,530-706-2854
97,Michael Cormier,MichaelCormier90@gmail.com,908-230-8543
98,Jessie McShane,JessieMcShane30@gmail.com,309-828-3448
99,Peggy Yancey,PeggyYancey80@gmail.com,803-387-2475
100,Sandra McCauley,SandraMcCauley77@gmail.com,773-244-7554
